scenario,expected,path,observed,disagree
baseline-exact-schedule-and-effects,verified,last-schedule-only,verified,0
baseline-exact-schedule-and-effects,verified,job-presence-only,verified,0
baseline-exact-schedule-and-effects,verified,job-terminal-only,verified,0
baseline-exact-schedule-and-effects,verified,full-integrity,verified,0
last-schedule-without-created-job,incomplete-effect-set,last-schedule-only,verified,1
last-schedule-without-created-job,incomplete-effect-set,job-presence-only,not-observed,1
last-schedule-without-created-job,incomplete-effect-set,job-terminal-only,not-complete,1
last-schedule-without-created-job,incomplete-effect-set,full-integrity,incomplete-effect-set,0
job-present-but-no-effects,incomplete-effect-set,last-schedule-only,verified,1
job-present-but-no-effects,incomplete-effect-set,job-presence-only,verified,1
job-present-but-no-effects,incomplete-effect-set,job-terminal-only,not-complete,1
job-present-but-no-effects,incomplete-effect-set,full-integrity,incomplete-effect-set,0
cronjob-name-reused-new-uid,cronjob-incarnation-mismatch,last-schedule-only,verified,1
cronjob-name-reused-new-uid,cronjob-incarnation-mismatch,job-presence-only,verified,1
cronjob-name-reused-new-uid,cronjob-incarnation-mismatch,job-terminal-only,verified,1
cronjob-name-reused-new-uid,cronjob-incarnation-mismatch,full-integrity,cronjob-incarnation-mismatch,0
job-annotation-other-schedule,job-schedule-mismatch,last-schedule-only,verified,1
job-annotation-other-schedule,job-schedule-mismatch,job-presence-only,verified,1
job-annotation-other-schedule,job-schedule-mismatch,job-terminal-only,verified,1
job-annotation-other-schedule,job-schedule-mismatch,full-integrity,job-schedule-mismatch,0
terminal-job-unknown-external-effect,safe-stop-unknown,last-schedule-only,verified,1
terminal-job-unknown-external-effect,safe-stop-unknown,job-presence-only,verified,1
terminal-job-unknown-external-effect,safe-stop-unknown,job-terminal-only,verified,1
terminal-job-unknown-external-effect,safe-stop-unknown,full-integrity,safe-stop-unknown,0
negative-lookup-without-coverage,safe-stop-unknown,last-schedule-only,verified,1
negative-lookup-without-coverage,safe-stop-unknown,job-presence-only,verified,1
negative-lookup-without-coverage,safe-stop-unknown,job-terminal-only,verified,1
negative-lookup-without-coverage,safe-stop-unknown,full-integrity,safe-stop-unknown,0
history-pruned-external-receipts-valid,verified,last-schedule-only,verified,0
history-pruned-external-receipts-valid,verified,job-presence-only,not-observed,1
history-pruned-external-receipts-valid,verified,job-terminal-only,not-complete,1
history-pruned-external-receipts-valid,verified,full-integrity,verified,0
duplicate-external-effect,duplicate-effect,last-schedule-only,verified,1
duplicate-external-effect,duplicate-effect,job-presence-only,verified,1
duplicate-external-effect,duplicate-effect,job-terminal-only,verified,1
duplicate-external-effect,duplicate-effect,full-integrity,duplicate-effect,0
historical-authorization-invalid,historically-unauthorized,last-schedule-only,verified,1
historical-authorization-invalid,historically-unauthorized,job-presence-only,verified,1
historical-authorization-invalid,historically-unauthorized,job-terminal-only,verified,1
historical-authorization-invalid,historically-unauthorized,full-integrity,historically-unauthorized,0
permission-revoked-unfinished-effect,permission-stop,last-schedule-only,verified,1
permission-revoked-unfinished-effect,permission-stop,job-presence-only,verified,1
permission-revoked-unfinished-effect,permission-stop,job-terminal-only,verified,1
permission-revoked-unfinished-effect,permission-stop,full-integrity,permission-stop,0
target-recreated-same-name,target-incarnation-mismatch,last-schedule-only,verified,1
target-recreated-same-name,target-incarnation-mismatch,job-presence-only,verified,1
target-recreated-same-name,target-incarnation-mismatch,job-terminal-only,verified,1
target-recreated-same-name,target-incarnation-mismatch,full-integrity,target-incarnation-mismatch,0
membership-expanded-after-job,membership-incomplete,last-schedule-only,verified,1
membership-expanded-after-job,membership-incomplete,job-presence-only,verified,1
membership-expanded-after-job,membership-incomplete,job-terminal-only,verified,1
membership-expanded-after-job,membership-incomplete,full-integrity,membership-incomplete,0
historical-hit-current-state-reversed,current-postcondition-failed,last-schedule-only,verified,1
historical-hit-current-state-reversed,current-postcondition-failed,job-presence-only,verified,1
historical-hit-current-state-reversed,current-postcondition-failed,job-terminal-only,verified,1
historical-hit-current-state-reversed,current-postcondition-failed,full-integrity,current-postcondition-failed,0
permission-revoked-after-valid-effect,verified,last-schedule-only,verified,0
permission-revoked-after-valid-effect,verified,job-presence-only,verified,0
permission-revoked-after-valid-effect,verified,job-terminal-only,verified,0
permission-revoked-after-valid-effect,verified,full-integrity,verified,0
unproven-effect-time-order,temporal-unverified,last-schedule-only,verified,1
unproven-effect-time-order,temporal-unverified,job-presence-only,verified,1
unproven-effect-time-order,temporal-unverified,job-terminal-only,verified,1
unproven-effect-time-order,temporal-unverified,full-integrity,temporal-unverified,0
external-ledger-other-schedule,schedule-identity-mismatch,last-schedule-only,verified,1
external-ledger-other-schedule,schedule-identity-mismatch,job-presence-only,verified,1
external-ledger-other-schedule,schedule-identity-mismatch,job-terminal-only,verified,1
external-ledger-other-schedule,schedule-identity-mismatch,full-integrity,schedule-identity-mismatch,0
forbid-missed-schedule-no-effect,incomplete-effect-set,last-schedule-only,not-observed,1
forbid-missed-schedule-no-effect,incomplete-effect-set,job-presence-only,not-observed,1
forbid-missed-schedule-no-effect,incomplete-effect-set,job-terminal-only,not-complete,1
forbid-missed-schedule-no-effect,incomplete-effect-set,full-integrity,incomplete-effect-set,0
